co_pcdt,no_abreviado,no_diretriz,no_diretriz50,no_diretriz10,nu_idade_min,nu_idade_max,co_sigtap,st_rara,sg_tipo,co_cid_hash,ds_url,ds_publicacao,st_saude_mental
ACN,acne,Isotretinoína no tratamento da acne grave,Acne grave,acne,,,,0,Protocolos de Uso,L700 L701 L708,http://conitec.gov.br/images/Protocolos/ProtocoloUso_Isotretinoina_2015.pdf,Portaria SAS/MS nº 1.159 - 18/11/2015 (Publicada em 19/11/2015),0
ACR,acromegalia,Acromegalia,Acromegalia,Acromeg.,,,,1,pcdt,E220,http://conitec.gov.br/images/Protocolos/PCDT_Acromegalia.pdf,Portaria Conjunta SAS/SCTIE nº 02 - 07/01/2019 (Publicada em 14/01/2019). (Retificado em 12/04/2013),0
HAC,adrenal_congenita,Hiperplasia Adrenal Congênita,Hiperplasia Adrenal Congênita,H.Adren.,,,,1,pcdt,E250,http://conitec.gov.br/images/pdf/2014/abril/02/pcdt-hiperplasia-adrenal-congenita-livro-2010.pdf,Portaria SAS/MS nº 16 - 15/01/2010 (Publicada em 18/01/2010),0
IAP,adrenal_primaria,Insuficiência Adrenal,Insuficiência Adrenal,I.Adren.,,,,0,pcdt,E230 E233 E271 E272 E273 E274,http://conitec.gov.br/images/Protocolos/20210701_Portaria_Conjunta_PCDT_Insuficencia_Adrenal.pdf,Portaria Conjunta SAES/SCTIE/MS nº 20 - 24/11/2020 (Publicada em 27/11/2020),0
AA,ane_aorta_abd,Aneurisma da Aorta Abdominal,Aneurisma da Aorta Abdominal,Ane. A. A.,,,,0,Diretrizes Nacionais/Brasileiras,,http://conitec.gov.br/images/Protocolos/Diretrizes/Diretrizes--Aneurisma-aorta-abdominal-22-02-2017.pdf,Portaria SAS/MS nº 488 - 06/03/2017 (Publicada em 07/03/2017),0
AMN,anemia_aplastica,"Anemia Aplástica, Mielodisplasia e Neutropenias Constitucionais - Uso de Fatores estimulantes de Crescimento de Colônias de Neutrófilos - Neutropenia","Anemia Aplástica, Mielodisplasia e Neutropenia",Anem. Apl,,,,0,pcdt,D460 D461 D467 D610 D611 D612 D613 D618 D70 Z948,http://conitec.gov.br/images/Protocolos/PCDT_Anemia_AplasticaMielodisplasiaNeutropenia-Fev2016.pdf,Portaria Conjunta SAS/MS nº 113 - 05/02/2016 (Publicada em 05/02/2016),0
AAA,anemia_aplastica_adquirida,Anemia Aplástica Adquirida,Anemia Aplástica Adquirida,Anem. Apl,,,,1,pcdt,D611 D612 D613 D618,https://www.saude.gov.br/images/pdf/2014/abril/02/pcdt-anemia-apl-adq-livro-2013.pdf,Portaria Conjunta SAS/MS nº 1.300 - 21/11/2013 (Publicada em 22/11/2013),0
FER,anemia_ferro,Anemia por Deficiência de Ferro,Anemia por Deficiência de Ferro,Anem. Ferro,,,,0,pcdt,D500 D508,http://conitec.gov.br/images/Consultas/Relatorios/2014/pcdt_Anemia_DeficienciaFerro_2014.pdf,Portaria Conjunta SAS/MS nº 1.247 - 10/11/2014 (Publicada em 11/11/2014),0
AHA,anemia_hemolitica,Anemia Hemolítica Autoimune,Anemia Hemolítica Autoimune,Anem. Hem,,,,0,pcdt,D590 D591,http://conitec.gov.br/images/Protocolos/PCDT_Anemia_Hemolitica_Autoimune_2018.pdf,Portaria Conjunta SAS/SCTIE/MS nº 27 - 26/11/2018 (Publicada em 10/12/2018),0
ANI,anemia_renal,Anemia na Doença Renal Crônica - Reposição de Ferro e Alfaepoetina,Anemia na Doença Renal Crônica,Anem. DRC,,,,0,pcdt,N180 N188,http://conitec.gov.br/images/Protocolos/PCDT_Anemia_DoencaRenalCronica.pdf; http://conitec.gov.br/images/Protocolos/PCDT_IRC_Ferro.pdf;http://conitec.gov.br/images/Protocolos/PCDT_Anemia_DoencaRenalCronica.pdf,Portaria Conjunta SAS/SCTIE nº 27 - 26/11/2018 (Publicada em 10/12/2018);Portaria SAS/MS nº 365 - 15/02/2017 (Publicada em 23/02/2017),0
AC1,angiodema,Angioedema associado à deficiência de C1 esterase,Angioedema,Angioedema,,,,1,pcdt,D841,http://conitec.gov.br/images/Protocolos/pcdt_angioedema-deficincia-C1esterase_2016.pdf,Portaria Conjunta SAS/MS nº 880 - 12/07/2016 (Publicada em 15/07/2016),0
ATD,aorta_toracica,Diretrizes Brasileiras para Utilização de Endoprótese em Aorta Torácica Descendente,Aorta Torácica Descendente,Aorta,,,,0,Diretrizes Nacionais/Brasileiras,I712,http://conitec.gov.br/images/Protocolos/Diretrizes/DiretrizBrasileira_EndoprotesedeAortaDescendente_2019.pdf,Portaria Conjunta SAS/SCTIE/MS nº 03 - 07/01/2019 (Publicada em 14/01/2019),0
APA,aplasia,Aplasia Pura Adquirida Crônica da série vermelha,Aplasia Pura Adquirida Crônica da série vermelha,Aplasia Pu,,,,1,pcdt,D600,http://conitec.gov.br/images/Protocolos/PCDT_AplasiaPSV_29-04-2016.pdf,Portaria Conjunta SAS/MS nº 449 - 29/04/2016 (Publicada em 02/05/2016),0
AIJ,artrite_juvenil,Artrite Idiopática Juvenil (AIJ),Artrite Idiopática Juvenil,AIJ,,,,0,pcdt,M080 M081 M082 M083 M084 M088 M089,http://conitec.gov.br/images/Protocolos/20210916_Portaria_Conjunta_16_PCDT_AReAIJ.pdf,Portaria Conjunta SAES/SCTIE/MS nº 16 - 03/09/2021,0
APS,artrite_psoriaca,Artrite Psoríaca,Artrite Psoríaca,Artr. Ps,,,,0,pcdt,M070 M072 M073,http://conitec.gov.br/images/Protocolos/MINUTA-Artrite-Psoriaca_publicadafevrereiro.2019.pdf,Portaria Conjunta SAES/SCTIE/MS nº 9 - 21/05/2021 (Publicada em 28/05/2021),0
ART,artrite_reativa,Artrite Reativa,Artrite Reativa,Artr. Reat.,,,,1,pcdt,M023 M032 M036 M021,http://conitec.gov.br/images/Protocolos/20210428_PCDT_Artrite_Reativa.pdf,Portaria Conjunta SAES/SCTIE/MS nº 6 - 22/04/2021 (Publicada em 26/04/2021),0
AR,artrite_reumatoide,Artrite Reumatoide,Artrite Reumatoide e Artrite Idiopática Juvenil,Artr. Reum.,,,,0,pcdt,M050 M051 M052 M053 M058 M060 M068,http://conitec.gov.br/images/Protocolos/20210916_Portaria_Conjunta_16_PCDT_AReAIJ.pdf,Portaria Conjunta SAES/SCTIE/MS nº 16 - 03/09/2021,0
ASM,asma,Asma,Asma,Asma,,,,0,pcdt,J450 J451 J458,http://conitec.gov.br/images/Protocolos/20210830_PCDT_Asma_PT14.pdf,Portaria Conjunta SAES/SCTIE/MS nº 14 - 24/08/2021 (Publicada em 27/08/2021),0
APN,assist_parto_normal,Diretrizes Nacionais de Assistência ao Parto Normal,Assitencia parto normal,parto normal,,,,0,Diretrizes Nacionais/Brasileiras,,http://conitec.gov.br/images/Protocolos/Diretrizes/DDT_Assistencia_PartoNormal.pdf,Portaria SAS/MS nº 353 - 14/02/2017 Veja também a versão reduzida.,0
AME,atrofia,Atrofia Muscular Espinhal 5q Tipo 1,Atrofia Muscular Espinhal,Atrof. Musc.,,,,1,pcdt,"G120, G121",http://conitec.gov.br/images/Protocolos/20220201_PORTAL_Portaria_Conjunta_3_PCDT_AME_5q_Tipos_IeII.pdf,Portaria Conjunta SAES/SCTIE/MS nº 03 - 18/01/2022(Publicada em 31/01/2022),0
AVI,avc_isquemico,Trombólise no Acidente Vascular Cerebral (AVC) Isquêmico Agudo,Acidente Vascular Cerebral Isquêmico Agudo,AVCagudo,,,,0,pcdt,I630 I631 I632 I633 I634 I635 I636 I638 I639 I650 I651 I652 I653 I658 I659 I660 I661 I662 I663 I664 I668 I669,http://conitec.gov.br/images/Protocolos/Tromb--lise-no-Acidente-Vascular-Cerebral-Isqu--mico-Agudo.pdf,Portaria GM/MS nº 664 - 12/04/2012 (Publicada em 13/04/2012),0
DBI,biotinidase,Deficiência de Biotinidase,Deficiência de Biotinidase,Biotinidase,,,,0,pcdt,E889,http://conitec.gov.br/images/Protocolos/PCDT_da_Deficiencia_de_Biotinidase.pdf,Portaria Conjunta SAS/SCTIE nº 13 – 04/05/2018 (Publicada em 24/05/2018),0
CCP,c_cabeca,Câncer de Cabeça e Pescoço,Câncer de Cabeça e Pescoço,C.Cabeça,,,,0,pcdt,C00 C01 C02 C03 C04 C05 C06 C09 C10 C11 C12 C13 C14 C32,http://conitec.gov.br/images/Protocolos/DDT/DDT_CancerCabecaPescoco_2015.pdf,"Portaria Nº 516, de 17 de junho de 2015.",0
LCB,c_celula_b,Linfoma Difuso de Grandes Células B - Adultos,Linfoma Difuso de Grandes Células B - Adultos,CélulaB,18,130,,0,ddt,C833,http://conitec.gov.br/images/Artigos_Publicacoes/ddt_LinfomaDifusoB_26092014.pdf,Portaria SAS/MS nº 956 - 26/09/2014 (Publicada em 29/09/2014),0
TC,c_cerebral,Tumor Cerebral - Adultos,Tumor Cerebral - Adultos,T.Cerebral,18,130,,0,ddt,C710 C711 C712 C713 C714 C715 C716 C717 C718 C719,http://conitec.gov.br/images/Protocolos/DDT-TumorCerebralAdulto.pdf,Portaria Conjunta SAES/SCTIE nº 7 - 13/04/2020 (Republicada em 16/04/2020),0
CCR,c_colon,Câncer de Cólon e Reto,Câncer de Cólon e Reto,C.Cólon,,,,0,ddt,C18 C180 C181 C182 C183 C184 C185 C186 C187 C188 C189 C19 C20,http://conitec.gov.br/images/Artigos_Publicacoes/ddt_Colorretal__26092014.pdf,"Portaria Nº 958, de 26 de setembro de 2014.",0
MC,c_cutaneo,Melanoma Maligno Cutâneo,Melanoma Cutâneo,Melanoma C,,,,0,ddt,C43 C430 C431 C432 C433 C434 C436 C437 C438 C439 D03 D030 D031 D032 D033 D034 D035 D036 D037,http://conitec.gov.br/images/Protocolos/DDT/Melanoma-Maligno-Cutaneo.pdf,Portaria SAS/MS nº 357 - 08/04/2013 (Publicada em 09/04/2013),0
ESO,c_esofago,Carcinoma de Esôfago,Carcinoma de Esôfago,C.Esôfago,,,,0,ddt,C150 C151 C152 C153 C154 C155 C158 C159,http://conitec.gov.br/images/Artigos_Publicacoes/ddt_Carcinoma-Esofago_2014.pdf,"Portaria Nº 1.439, de 16 de dezembro de 2014",0
EST,c_estomago,Adenocarcinoma de estômago,Adenocarcinoma de estômago,A. Estôm.,,,,0,ddt,C160 C161 C163 C164 C165 C166 C168 C169,http://conitec.gov.br/images/Relatorios/Portaria/2018/Portaria_Conjunta_n3_Adenocarcinoma_de_Estomago-15-01-2018.pdf,Portaria Conjunta SAS/SCTIE/MS nº 3 - 15/01/2018 (Publicada em 17/01/2018),0
CFI,c_figado,Câncer de Fígado no Adulto,Câncer de Fígado - Adultos,C.Fígado,18,130,,0,ddt,C220,http://conitec.gov.br/images/Protocolos/DDT/Carcinoma_Figado-Adulto.pdf,"Portaria Nº 602, de 26 de junho de 2012",0
LF,c_folicular,Linfoma Folicular,Linfoma Folicular,Linfoma Fo,,,,0,ddt,C820 C821 C822 C827 C829,http://conitec.gov.br/images/Artigos_Publicacoes/ddt_LinfomaFolicular_10102014.pdf,Portaria SAS/MS nº 1.501 - 10/10/2014 (Publicada em 13/10/2014),0
TEG,c_gastro,Tumor do Estroma Gastrointestinal,Tumor do Estroma Gastrointestinal,T.Gastro,,,,0,ddt,C150 C151 C152 C153 C154 C155 C158 C159 C160 C161 C162 C163 C164 C165 C166 C168 C169 C170 C171 C172 C173 C178 C179 C180 C181 C182 C183 C184 C185 C186 C187 C188 C189 C19 C20 C268 C474 C481 C493,http://conitec.gov.br/images/Protocolos/DDT/Tumor_EstromaGastrointestinal.pdf,Portaria SAS/MS nº 494 - 18/06/2014 (Publicada em 20/06/2014),0
LMA,c_leucemia_aguda_a,Leucemia Mieloide Aguda - Adultos,Leucemia Mieloide Aguda - Adultos,Leuc.Ag.A.,18,130,,0,ddt,C920 C921 C923 C924 C925 C927 C930 C931 C937 C940 C942 C943,http://conitec.gov.br/images/Protocolos/DDT/LeucemiaMieloideAguda-Adulto.pdf http://conitec.gov.br/images/Artigos_Publicacoes/ddt_LMA_CriancaseAdolescentes_10092014.pdf,Portaria SAS/MS nº 705 - 12/08/2014 (Publicada em 13/08/2014),0
LMP,c_leucemia_aguda_p,Leucemia Mieloide Aguda - Crianças e Adolescentes,Leucemia Mieloide Aguda - Crianças e Adolescentes,Leuc.Ag.P.,0,17,,0,ddt,C920 C921 C923 C924 C925 C927 C930 C931 C937 C940 C942 C943,http://conitec.gov.br/images/Artigos_Publicacoes/ddt_LMA_CriancaseAdolescentes_10092014.pdf,Portaria SAS/MS nº 840 - 08/09/2014 (Publicada em 10/09/2014),0
LCA,c_leucemia_cronica_p,Leucemia Mieloide Crônica - Crianças Adolescentes e adultos,Leucemia Mieloide Crônica - Crianças e Adultos,Le.Cr.C.A.,0,130,,0,pcdt,C921,http://conitec.gov.br/images/Protocolos/20210707_Portaria_Conjunta_pcdt_lmc_pediatria.pdf ; http://conitec.gov.br/images/Protocolos/20210318_PORTAL_Portaria_Conjunta-PCDT_LMC_Adulto.pdf,Portaria SAS/MS nº 840 - 08/09/2014 (Publicada em 10/09/2014)/Portaria Conjunta SAES/SCTIE/MS nº 10 - 02/07/2021 (Publicada em 06/07/2021) ; Portaria SAS/MS nº 705 - 12/08/2014 (Publicada em 13/08/2014)/Portaria Conjunta SAES/SCTIE/MS nº 4 - 01/03/2021 (Publicada em 08/03/2021),0
LHT,c_leucemia_htlv,Zidovudina para tratamento do Adulto com Leucemia/Linfoma Associação ao Vírus HTLV-1,Leucemia/Linfoma Associação ao Vírus HTLV-1,L. HTLV-1,18,130,,0,Protocolos de Uso,C844 C915,http://conitec.gov.br/images/Protocolos/Protocolo_Uso/ProtocoloUso_Zidovudina_Leucemia.pdf,Portaria SVS/MS n° 54 - 18/07/2016 (Publicada em 19/07/2016),0
LKA,c_leucemia_linfoblastica,Leucemia Linfoblástica Aguda Cromossoma Philadelphia Positivo - Adultos,Leucemia Linfoblástica Aguda Cromossoma Philadelph,Leuc. Linf,18,130,,0,ddt,C910,http://conitec.gov.br/images/Protocolos/DDT/20211230_portal-de-portaria-conjunta-no-21-ddt_lla-ph-_adulto.pdf,Portaria Conjunta SAES/SCTIE nº 11 - 10/12/2021 (Publicada em 29/12/2021),0
LHA,c_linfoma_hodgkin,Linfoma de Hodgkin no Adulto,Linfoma de Hodgkin no Adulto,Hodgkin,18,130,,0,pcdt,C810 C811 C812 C813 C817 C819,http://conitec.gov.br/images/Protocolos/20201230_PCDT_Linfoma-de-Hodgkin.pdf,Portaria Conjunta SAES/SCTIE/MS nº 24 - 29/12/2020 (Publicada em 30/12/2020),0
CMA,c_mama,Carcinoma de Mama,Carcinoma de Mama,C.Mama,,,,0,ddt,C500 C501 C502 C503 C504 C505 C506 C508 C509,http://conitec.gov.br/images/Protocolos/DDT/DDT-Carcinoma-de-mama_PORTARIA-CONJUNTA-N--5.pdf,"Portaria Conjunta Nº 5, de 18 de abril de 2019",0
MM,c_mieloma,Mieloma Múltiplo,Mieloma Múltiplo,Mieloma Mú,,,,0,ddt,C900 C901 C902 D472,http://conitec.gov.br/images/Protocolos/ddt_Mieloma-Multiplo.pdf,Portaria SAS/MS nº 708 - 06/08/2015 (Publicada em 07/08/2015),0
OVA,c_ovario,Neoplasia Maligna Epitelial de Ovário,Neoplasia Maligna Epitelial de Ovário,N.Ovário,,,,0,ddt,C56 C570 C786,http://conitec.gov.br/images/Protocolos/DDT/DDT_NeoplasiaMalignaEpitelialdeOvario_2019.pdf,Portaria Conjunta SAS/SCTIE nº 01 - 07/01/2019 (Publicada em 14/01/2019),0
PRO,c_prostata,Adenocarcinoma de Próstata,Adenocarcinoma de Próstata,A. Próst.,19,130,,0,ddt,C61 D75,http://conitec.gov.br/images/Protocolos/DDT/DDT_Adenocarcinoma_Prostata.pdf,Portaria SAS/MS nº 498 - 11/05/2016 (Publicada em 12/05/2016),0
CPU,c_pulmao,Câncer de Pulmão,Câncer de Pulmão,C.Pulmão,,,,0,pcdt,C34 C340 C341 C342 C343 C348 C349,http://conitec.gov.br/images/Artigos_Publicacoes/ddt_CAPulmao_26092014.pdf,"Portaria Nº 957, de 26 de setembro de 2014.",0
CRE,c_renal,Carcinoma de Células Renais,Carcinoma de Células Renais,C.Renais,,,,0,pcdt,C64,http://conitec.gov.br/images/Artigos_Publicacoes/ddt_Carcinoma-CelRenais_2014.pdf,"Portaria Nº 1.440, de 16 de dezembro de 2014",0
CTI,c_tireoide,Carcinoma Diferenciado de Tireóide,Carcinoma Diferenciado de Tireóide,C.Tireóide,,,,0,ddt,C73,http://conitec.gov.br/images/Protocolos/PCDT_CarcinomaTireoide.pdf,Portaria Nº 7 de 03 de janeiro de 2014,0
CAR,cardiaco,Imunossupressão no Transplante Cardíaco,Imunossupressão no Transplante Cardíaco,T.cardio,,,,0,pcdt,T862 Z941,http://conitec.gov.br/images/Protocolos/20210121_Portaria_Conjunta_PCDT_Imunossupressao_Transplante_Cardiaco.pdf,Portaria Conjunta SAES/SCTIE/MS nº 2 - 05/01/2021 (Publicada em 11/01/2021),0
CDI,cardiov_desf_i,Cardioversor Desfibrilador Implantável,Cardioversor Desfibrilador Implantável,cardio. Imp.,,,,,Protocolos de uso,,http://bvsms.saude.gov.br/bvs/saudelegis/sas/2014/prt0001_02_01_2014.html,Portaria SAS/MS nº 01 - 02/01/2014 (Publicada em 03/01/2014),0
DC,celiaca,Doença Celíaca,Doença Celíaca,Celíaca,,,,0,pcdt,K900,http://conitec.gov.br/images/Protocolos/PCDT_DoencaCeliaca.pdf,Portaria SAS/MS nº 1.149 - 12/11/2015 (Publicada em 12/11/2015),0
CHA,chagas,Doença de Chagas,Doença de Chagas,Chagas,,,,0,pcdt,B57 B570 B571 B572 B573 B574 B575 K231 K931,http://conitec.gov.br/images/Protocolos/PCDT_Doenca_de_chagas.pdf,"Portaria Nº 57, de 30 de outubro de 2018",0
CBI,colangite,Colangite Biliar Primária,Colangite Biliar Primária,Biliar,,,,0,ddt,C220 C221 C222 C223 C224 C227 C229,http://conitec.gov.br/images/Protocolos/Portaria-Conjunta-PCDT-Colangite-Biliar-SAES.pdf,"Portaria Conjunta Nº 11, de 09 de setembro de 2019.",0
COV,covid_19,Diretrizes Brasileiras para Tratamento Hospitalar do Paciente com COVID-19,COVID-19,Covid,,,,0,Diretrizes Nacionais/Brasileiras,B342 U04 U049 U071 U072,http://conitec.gov.br/images/Protocolos/Diretrizes/20210629_Diretrizes-Covid-19_Capitulo1.pdf,Portaria SCTIE/MS nº 33 - 28/06/2021 (Publicada em 29/06/2021),0
CRN,crohn,Doença de Crohn,Doença de Crohn,Crohn,,,,1,pcdt,K500 K501 K508,http://conitec.gov.br/images/Protocolos/Portaria_Conjunta_14_PCDT_Doenca_de_Crohn_28_11_2017.pdf,"Portaria Conjunta Nº 14, de 28 de novembro de 2017.",0
DRC,d_renal_cronica,Diretrizes Clínicas para o Cuidado ao Paciente com Doença Renal Crônica (DRC),Doença renal cronica,renal. Cron.,,,,,Diretrizes Clínicas,,http://conitec.gov.br/images/Protocolos/diretriz-cuidados-DRC.pdf,Portaria GM/MS nº 389 - 13/03/2014 (Publicada em 14/03/2014),0
DP,dermatomiosite,Dermatomiosite e Polimiosite,Dermatomiosite e Polimiosite,Derm. Poliom.,,,,1,pcdt,M330 M331 M332,http://conitec.gov.br/images/Protocolos/PCDT_Dermatomiosite_Polimiosite.pdf,Portaria SAS/MS nº 1.692 - de 22/11/2016 (Publicada em 25/11/2016),0
DCM,det_prec_can_mama,Detecção Precoce do Câncer de Mama,Detecçao cancer de mama,,,,,,Diretrizes Nacionais/Brasileiras,,http://conitec.gov.br/images/Protocolos/Diretrizes_DeteccaoPrecoce_CM.pdf,Portaria SCTIE/MS nº 59 - 01/10/2015 (Publicada em 05/10/2015),0
DM1,diabetes_1,Diabete Melito Tipo 1,Diabete Melito Tipo 1,Diabete1,,,,0,pcdt,E100 E101 E102 E103 E104 E105 E106 E107 E108 E109,http://conitec.gov.br/images/Protocolos/Portaria-Conjunta-PCDT-Diabete-Melito-1.pdf,Portaria Conjunta SAS/SCTIE nº 17 - 12/11/2019 (Publicada em 13/11/2019),0
DM2,diabetes_2,Diabete Melito Tipo 2,Diabete Melito Tipo 2,Diabete2,,,,0,pcdt,E11 E112 E113 E114 E115 E116 E117 E118 E119,http://conitec.gov.br/images/Protocolos/20201113_PCDT_Diabete_Melito_Tipo_2_29_10_2020_Final.pdf,Portaria SCTIE/MS nº 54/2020 - 11/11/2020 (Publicada em 13/11/2020),0
DI,diabetes_insipido,Diabetes Insípido,Diabetes Insípido,Diab. Insíp.,,,,1,pcdt,E232,http://conitec.gov.br/images/Protocolos/PCDT_DiabeteInsipido_2018.pdf,Portaria Conjunta SAS/SCTIE nº 02 - 10/01/2018 (Publicada em 16/01/2018),0
DIS,dislipidemia,Dislipidemia para a Prevenção de Eventos Cardiovasculares e Pancreatite,Dislipidemia para a Prevenção de Eventos Cardiov.,Dislipidem,,,,0,pcdt,E780 E781 E782 E783 E784 E785 E786 E788,http://conitec.gov.br/images/Protocolos/PCDT_Dislipidemia.pdf,Portaria Conjunta SAS/MS nº 8 - 30/06/2019 (Publicada em 07/08/2019),0
DFE,distonias,Distonias e Espasmo Hemifacial,Distonias focais e Espasmo Hemifacial,Distonias,,,,1,pcdt,G243 G244 G245 G248 G513 G518,http://conitec.gov.br/images/Protocolos/Protocolo_Uso/Portaria_SAS-SCTIE_1_PCDT_Distonias_e_Espasmo_Hemifacial_29_05_2017.pdf,Portaria Conjunta SAS/SCTIE nº 1 - 29/05/2017 (Publicada em 30/05/2017),0
DF,doenca_fabry,Diretrizes Brasileiras para Diagnóstico e Tratamento Doença de Fabry,Doença de Fabry,Fabry,,,,,Diretrizes Nacionais/Brasileiras,E752,http://conitec.gov.br/images/Protocolos/Diretrizes/20211230_portal-portaria-conjunta-no-20_diretrizes_doenca-de-fabry.pdf,Portaria Conjunta SAES/SCTIE/MS nº 20/2021 – 06/12/2021- (Publicada em 29/12/2021),0
NPC,doenca_niemann_pick_c,Doença de Niemann-Pick Tipo C,Doença de Niemann-Pick Tipo C,Niemann P. C.,,,,,Diretrizes Nacionais/Brasileiras,E752,http://conitec.gov.br/images/Protocolos/DiretrizBrasileira_DoencaNiemannPickTipo-C.pdf,Portaria Conjunta SAES/SCTIE/MS nº 9 - 14/04/2020 (Publicada em 16/04/2020),0
DT,doppler_t_avedf,Doppler Transcraniano como procedimento ambulatorial na prevenção do Acidente Vascular Encefálico em pacientes com Doença Falciforme,Doppler transcraniano AVE doença falciforme,doppler avedf,2,16,,,Protocolos de Uso,,http://bvsms.saude.gov.br/bvs/saudelegis/sas/2013/prt0473_26_04_2013.html,Portaria SAS/MS nº 473 - 26/04/2013 (Publicada em 29/04/2013),0
CRO,dor_cronica,Dor Crônica,Dor Crônica,Dor,,,,0,pcdt,R521 R522,http://conitec.gov.br/images/Protocolos/DorCronica.pdf,Portaria SAS/MS nº 1.083 - 02/10/2012 (Publicada em 03/10/2012),0
DPO,dpoc,Doença Pulmonar Obstrutiva Crônica DPOC,Doença Pulmonar Obstrutiva Crônica -DPOC,DPOC,,,,0,pcdt,"J440, J441, J448",http://conitec.gov.br/images/Protocolos/20211123_PORTAL_Portaria_Conjunta_19_PCDT_DPOC.pdf,Portaria Conjunta SAES/SCTIE/MS nº 19 - 16/11/2021 (Publicada em 22/11/2021),0
END,endometriose,Endometriose,Endometriose,Endometrio,,,,0,pcdt,N800 N801 N802 N803 N804 N805 N808,http://conitec.gov.br/images/Protocolos/pcdt_endometriose_2016.pdf,Portaria SAS/MS nº 879 - 12/07/2016 (Publicada 15/07/2016),0
DMM,enxerto_mieloma,"Talidomida no tratamento da Doença Enxerto Contra Hospedeiro
 e no Mieloma Múltiplo",Doença Enxerto Contra Hospedeiro e no Mieloma,Mieloma,,,,0,Protocolos de Uso,T860,https://bvsms.saude.gov.br/bvs/saudelegis/sas/2013/ANEXO/anexo_prt0298_21_03_2013.pdf,Portaria SAS/MS nº 298 - 22/03/2013 (Retificada em 12/04/2013),0
EPM,epidermolise,Epidermólise Bolhosa Hereditária e Adquirida,Epidermólise Bolhosa,E. Bolhosa,,,,1,pcdt,Q810 Q811 Q812 Q818 Q819 L123,http://conitec.gov.br/images/Protocolos/PortariaConjunta_PCDT_-Epidermolise_Bolhosa_496-2020.pdf,Portaria Conjunta SAES/SCTIE/MS nº 24 - 23/12/2021 (Publicada em 29/12/2021),0
EPI,epilepsia,Epilepsia,Epilepsia,Epilepsia,,,,0,pcdt,G400 G401 G402 G403 G404 G405 G406 G407 G408,http://conitec.gov.br/images/Protocolos/PCDT_Epilepisia_2019.pdf,Portaria Conjunta SAS/SCTIE nº 17 - 27/06/2018 (Publicada em 27/06/2018),0
ELA,esclerose_amiotrofica,Esclerose Lateral Amiotrófica,Esclerose Lateral Amiotrófica,ELA,,,,1,pcdt,G122,http://conitec.gov.br/images/Protocolos/Portaria_Conjunta_PCDT_ELA.pdf,Portaria Conjunta SAES/SCTIE/MS nº 13 - 13/08/2020 (Publicada em 19/08/2020),0
EM,esclerose_multipla,Esclerose Múltipla,Esclerose Múltipla,Escl. Múlt.,,,,0,pcdt,G35,http://conitec.gov.br/images/Protocolos/20220201_PORTAL_Portaria_Conjunta_1_PCDT_Esclerose_Multipla.pdf,Portaria Conjunta SAES/SCTIE/MS nº 1 - 07/01/2022 (Publicada em 31/01/2022),0
ES,esclerose_sistemica,Esclerose Sistêmica,Esclerose Sistêmica,Escl. Sist.,,,,0,pcdt,M340 M341 M348,http://conitec.gov.br/images/Protocolos/PCDT-Esclerose-Sistemica.05-09-2017.pdf,"Portaria Conjunta Nº 09, de 28 de agosto de 2017.",0
ESP,espasticidade,Espasticidade,Espasticidade,Espasticid,,,,0,pcdt,G041 G800 G801 G802 G811 G821 G824 I690 I691 I692 I693 I694 I698 T905 T908,http://conitec.gov.br/images/Protocolos/20220323_portal-portaria-conjunta-no-5-pcdt_espasticidade.pdf,Portaria Conjunta SAS/SCTIE nº 2 - 29/05/2017 (Publicada em 30/05/2017)/ Portaria Conjunta SAS/SCTIE/MS nº 5 - 22/03/2022 (Publicada em 23/03/2022),0
ANC,espondilite,Espondilite Ancilosante,Espondilite Ancilosante,Espondilit,,,,1,pcdt,M45 M468,http://conitec.gov.br/images/Protocolos/PCDT_EspondiliteAncilosante.pdf,Portaria Conjunta SAS/SCTIE nº 25 - 22/10/2018 (Publicada em 26/10/2018),0
ESS,espondilose,Espondilose,Espondilose,Espondilos,,,,0,pcdt,M471 M472 M478,https://www.saude.gov.br/images/pdf/2014/abril/02/pcdt-espondilose-livro-2013.pdf,Portaria SAS/MS nº 1.309 - 22/11/2013 (Publicada em 25/11/2013),0
FAL,falciforme,Doença Falciforme,Doença Falciforme,Falciforme,,,,1,pcdt,D561 D568 D570 D571 D572,http://conitec.gov.br/images/Protocolos/PCDT_DoencaFalciforme_2018.pdf,"Portaria Conjunta Nº 05, de 19 de fevereiro de 2018.",0
FEN,fenilcetonuria,Fenilcetonúria,Fenilcetonúria,Fenilceton,,,,1,pcdt,E700 E701,http://conitec.gov.br/images/Protocolos/Portaria-Conjunta-PCDT-Fenilcetonuria_SAES.pdf,Portaria SAS/MS nº 12 - 10/09/2019 (Publicada em 16/09/2019),0
FPP,fibrose_cistica_pancreatica_pulmonar,"Fibrose Cística, Pulmonar e Insuficiência Pancreática",Fibrose Cística - Pulmonar e Ins. Pancreatica,Fib.C. P.P,,,,1,pcdt,"E840, E841, E848",http://conitec.gov.br/images/Protocolos/20211230_portal-portaria-conjunta-no-25_pcdt_fibrose-cistica.pdf;http://conitec.gov.br/images/Protocolos/PCDT_FibroseCistica_ManifestacoesPulmonares.pdf ; http://conitec.gov.br/images/Protocolos/PCDT_FibroseCistica_InsuficienciaPancreatica.pdf,Portaria Conjunta SAES/SCTIE/MS nº 25 - 27/12/2021- (Publicada em 29/12/2021) ; Portaria Conjunta SAS/SCTIE nº 8 - 15/08/2017 (Publicada em 04/09/2017) ; Portaria Conjunta SAS/SCTIE nº 8 - 15/08/2017 (Publicada em 04/09/2017),0
GAU,gaucher,Doença de Gaucher,Doença de Gaucher,Gaucher,,,,1,pcdt,E752,http://conitec.gov.br/images/Protocolos/PCDT___Doenca_de_Gaucher.pdf,"Portaria Conjunta Nº 4, de 22 de junho de 2017.",0
GLA,glaucoma,Glaucoma,Glaucoma,Glaucoma,,,,0,pcdt,H401 H402 H403 H404 H405 H406 H408 Q150,http://conitec.gov.br/images/Relatorios/Portaria/2018/SITE_Portaria-Conjunta-n-11_PCDT_Glaucoma_02_04_2018.pdf,Portaria Conjunta SAS/SCTIE nº 11 - 02/04/2018 (Publicada em 09/04/2018),0
SGB,guillain_barre,Síndrome de Guillain-Barré,Síndrome de Guillain-Barré,Guil-Barré,,,,1,pcdt,G610,http://conitec.gov.br/images/Protocolos/20201022_Portaria_Conjunta_PCDT_SGB.pdf,"Portaria Nº 1171, de 19 de novembro de 2015/ Portaria Conjunta SAES/SCTIE/MS nº 15 – 13/10/2020 (Publicada em 16/10/2020)",0
HAN,hanseniase,Hanseniase,hanseniase,hanseniase,,,,,pcdt,B92,http://conitec.gov.br/images/Protocolos/20220712_PCDT_Hanseniase.pdf,Portaria SCTIE/MS Nº 67 - 11/07/2022 (Publicada em 11/07/2022),0
HEI,hemangioma,Hemangioma Infantil,Hemangioma Infantil,Hemangioma,,,,0,pcdt,D180,http://conitec.gov.br/images/Protocolos/PCDT_HemangiomaInfantil.pdf,Portaria Conjunta SAS/SCTIE nº 6 - 23/02/2018 (Publicada em 01/03/2018),0
HAF,hemofila_fatorvii,Emicizumabe para tratamento de indivíduos com hemofilia A e inibidores do fator VIII refratários ao tratamento de imunotolerância,Hemofilia A e inibidores do fator VIII,Hemofilia,,,,0,Protocolos de Uso,D66 D683,http://conitec.gov.br/images/Protocolos/Protocolo_Uso/20210831_PU_Emicizumabe_Hemofilia.pdf,Portaria Conjunta SAES/SCTIE/MS nº 15 - 26/08/2021 (Publicada em 30/08/2021),0
HPN,hemoglobinuria,Hemoglobinúria Paroxística Noturna,Hemoglobinúria Paroxística Noturna,Hemoglobin,,,,0,pcdt,D595,http://conitec.gov.br/images/Protocolos/PCDT__HPN.pdf,Portaria Conjunta SAES/SCTIE nº 18 - 20/11/2019 (Publicada em 22/11/2019),0
HPC,hep_b_transp_coinf_prof,Hepatite B e Coinfecções; Profilaxia da reinfecção pelo Vírus da Hepatite B Pós-transplante Hepático,"Hep B – Coinfecções, Reinfec Profilaxia pós-transp",HebB C.P.R,,,,0,pcdt,B160 B162 B180 B181,http://conitec.gov.br/images/Protocolos/PCDT_hepatite_b_Coinfeces.pdf;http://conitec.gov.br/images/Protocolos/PCDT_ProfilaxiaReinfeccaoVrusHepatite.pdf/http://conitec.gov.br/images/Protocolos/PCDT_ProfilaxiaReinfeccaoVrusHepatite.pdf,Portaria SCTIE/MS nº 47 - 02/12/2016 (Publicada em 09/12/2016);Portaria SAS/MS nº 469 – 23/07/2002 (Publicada em 24/07/2002),0
HAP,hepatico_ap,Imunossupressão no Transplante Hepático em Adulto e Pediatria,Imunossup. no Transpl. Hepático em Adulto e Pediatria,T.hep.A.P.,0,130,,0,pcdt,T864 Z944,http://conitec.gov.br/images/PCDT_Imunossupressao-pos-transplante-hepatico.pdf http://conitec.gov.br/images/Protocolos/PCDT_ImunossupressonoTransplantehepaticoempediatria.pdf,Portaria Conjunta SAS/SCTIE/MS nº 5 - 22/06/2017 (Publicada em 23/06/2017) ; Portaria Conjunta SAS/SCTIE/MS nº 4 - 10/01/2019 (Publicada em 14/01/2019),0
HA,hepatite_autoimune,Hepatite Autoimune,Hepatite Autoimune,Hep Auto,,,,1,pcdt,K754,http://conitec.gov.br/images/Relatorios/Portaria/2018/Portaria_Hepatite_Autoimune.pdf,Portaria Conjunta SAS/SCTIE nº 14 - 09/05/2018 (Publicada em 09/05/2018),0
HCC,hepatite_c,Hepatite C e coinfecções,Hepatite C e coinfecções,Hep C,,,,0,pcdt,B171 B182,http://conitec.gov.br/images/Protocolos/PCDT_HepatiteC_e_coinfeccoes_2018.pdf,Portaria SCTIE/MS nº 84 - 19/12/2018 (Publicada em 20/12/2018),0
HIS,hidradenite,Hidradenite Supurativa,Hidradenite Supurativa,Hidradenit,,,,0,pcdt,L732,http://conitec.gov.br/images/Protocolos/Site-de-Portaria-Conjunta-14_PCDTHidradernite-Supurativa.pdf,Portaria SCTIE/SAS/MS nº 14/2019 - 11/09/2019 (Publicada em 16/09/2019),0
SHI,hipereosinofilica,Síndrome Hipereosinofílica com mesilato de imatinibe,Síndrome Hipereosinofílica com mesilato de imatini,Hipereosin.,,,,0,pcdt,D721,http://conitec.gov.br/images/Protocolos/Protocolo_SindromeHipereosinofilica.pdf,"Portaria Nº 783, de 29 de AGOSTO de 2014",0
HIC,hiperprolactinemia,Hiperprolactinemia,Hiperprolactinemia,Hiperprola,,,,0,pcdt,E221,http://conitec.gov.br/images/Protocolos/pcdt_hiperprolactinemia_2015.pdf,Portaria SAS/MS nº 1.160 - 20/11/2015 (Publicada em 19/11/2015)/Portaria Conjunta SCTIE/SAES/MS nº 19 - 23/11/2020 (Publicada em 27/11/2020),0
HAP,hipertensao_pulmonar,Hipertensão Arterial Pulmonar,Hipertensão Arterial Pulmonar,HAP,,,,1,pcdt,I270 I272 I278,http://conitec.gov.br/images/Protocolos/HAP.pdf,Portaria SAS/MS nº 35 - 16/01/2014 (Publicada em 17/01/2014). (Republicado em 06/06/2014 e 23/09/2014),0
GH,hipopituitarismo,Deficiência de Hormônio do Crescimento - Hipopituitarismo,Deficiência de Hormônio do Crescimento,GH,,,,1,pcdt,E230,http://conitec.gov.br/images/Protocolos/PCDT_DeficienciadoHormoniodeCrescimento_2018.pdf,Portaria Conjunta SAS/SCTIE nº 28 - 30/11/2018 (Publicada em 14/12/2018),0
HIP,hipopparatireoidismo,Hipoparatireoidismo,Hipoparatireoidismo,Hipoparati,,,,1,pcdt,E200 E201 E208 E892,http://conitec.gov.br/images/Protocolos/PCDT_Hipoparatireoidismo_29-04-2016.pdf,Portaria SAS/MS nº 450 - 29/04/2016,0
HPC,hipotireoidismo,Hipotireoidismo Congênito,Hipotireoidismo Congênito,Hipotireoi,,,,0,pcdt,E030 E031,http://conitec.gov.br/images/Protocolos/pcdt_hipotirodismo-congenito_2015.pdf,Portaria SAS/MS nº 1.161 - 20/11/2015 (Publicada em 20/11/2015),0
HIA,hiv_adulto_manejo,Manejo da infecção pelo HIV em adultos,Manejo da infecção pelo HIV em Adultos,HIV.Adulto,13,,,0,pcdt - sem CID,,http://conitec.gov.br/images/Protocolos/PCDT_Manejo_HIV_Adulto.pdf,Portaria SCTIE/MS nº 52 - 27/11/2017 (Publicada em 27/11/2017)- Veja também o Guia de Consulta Rápida.,0
HIV,hiv_crianca_adol_manejo,Manejo da infecção pelo HIV em crianças e adolescentes,Manejo da infecção pelo HIV em crianças e adolescentes,HIV.Cr.Ad.,,,,0,pcdt - sem CID,,http://conitec.gov.br/images/Protocolos/PCDT_criancaeadolescente_09_2017.pdf,Portaria SCTIE/MS nº 31 - 01/09/2017 (Publicada em 05/09/2017),0
HC,homocistinuria,Homocistinúria Clássica,Homocistinúria Clássica,Homocistin,,,,1,pcdt,E721,http://conitec.gov.br/images/Protocolos/PCDT_HomocistinriaClassica.pdf,Portaria Conjunta SAES/SCTIE nº 3 - 23/01/2020 (Publicada em 23/01/2020),0
IH,ictiose,Ictioses Hereditárias,Ictioses Hereditárias,Ictioses H,,,,1,pcdt,Q800 Q801 Q802 Q803 Q808 Q809,http://conitec.gov.br/images/Protocolos/20210804_PCDT_Ictioses_Hereditarias.pdf,Portaria SAS/MS nº 1.162 - 20/11/2015 (Publicada em 20/11/2015)/Portaria Conjunta SAES/SCTIE/MS nº 12 - 27/07/2021 (Publicada em 04/08/2021),0
ANT,imunosuficiencia,Imunodeficiência Primária com predominância de defeitos de Anticorpos,Imunodeficiência Primária,Imunodefic,,,,1,pcdt,D800 D801 D803 D805 D806 D807 D808 D830 D832 D838,http://conitec.gov.br/images/Protocolos/PCDT-ImunodeficienciaPrimaria.pdf,Portaria SAS/MS nº 495 - 11/09/2007 (Publicada em 12/09/2007),0
URI,incontinencia,Incontinência Urinária não Neurogênica,Incontinência Urinária não Neurogênica,Incontinên,,,,0,pcdt,N393 N394 R32,http://conitec.gov.br/images/Protocolos/Portaria-Conjunta-PCDT-Incontinencia-Urinaria-NN-13.01.2020.pdf,Portaria Conjunta SAES/SCTIE nº 01 - 09/01/2020 (Publicada em 13/01/2020),0
IST,inf_sexuais_tr,Atenção Integral às Pessoas com Infecções Sexualmente Transmissíveis (IST),Atenção Integral à Pessoas com IST,Atencao IST.,,,,,pcdt - sem CID,,http://conitec.gov.br/images/Protocolos/20210429_PCDT-IST_588.pdf,Portaria SCTIE/MS nº 12 - 19/04/2021 (Publicada em 22/04/2021),0
IST,inf_sexuais_tr,Atenção Integral às Pessoas com Infecções Sexualmente Transmissíveis (IST),Atenção Integral à Pessoas com IST,Atencao IST.,,,,,pcdt - sem CID,,http://conitec.gov.br/images/Protocolos/20210429_PCDT-IST_588.pdf,Portaria SCTIE/MS nº 12 - 19/04/2021 (Publicada em 22/04/2021),0
INF,infarto,Infarto Agudo do Miocárdio,Infarto Agudo do Miocárdio,IAM,,,,0,Linhas de Cuidados,I200 I201 I210 I211 I212 I213 I214 I219 I220 I221 I228 I229 I230 I231 I232 I233 I234 I235 I236 I238 I240 I248 I249,http://conitec.gov.br/images/Protocolos/ProtocoloUso-IAM.pdf,Portaria SAS/MS nº 2.994 - 13/12/2011 (Publicada em 31/12/2011),0
ICR,insuf_cardiaca,Diretrizes Brasileiras para Diagnóstico e Tratamento da Insuficiência Cardíaca com Fração de Ejeção Reduzida,Insuficiência Cardíaca - Fração de Ejeção Reduzida,IC Ejeção,,,,0,Diretrizes Nacionais/Brasileiras,I500 I501 I509,http://conitec.gov.br/images/Relatorios/Portaria/2020/20210825_portaria-conjunta-17_diretrizes-brasileiras-icfer.pdf,Portaria Conjunta SAES/SCTIE/MS nº 17/2020 – 18/11/2020 (Publicada em 26/11/2020),0
IPE,insuficiencia_pancreatica,Insuficiência Pancreática Exócrina,Insuficiência Pancreática Exócrina,I.Pancr.Ex.,,,,1,pcdt,K860 K861 K903,http://conitec.gov.br/images/Protocolos/PCDT_InsuficienciaPancreaticaExocrina-Fev2016.pdf,Portaria SAS/MS nº 112 - 05/02/2016 (Publicada em 05/02/2016),0
ITA,intox_agrotoxico,Diretrizes Brasileiras para diagnóstico e tratamento das intoxicações por agrotóxicos,Intoxicações por agrotóxicos,Agrotóxico,,,,0,Diretrizes Nacionais/Brasileiras,T60 X48 X68 X87 Y18,http://conitec.gov.br/images/Protocolos/Protocolo_Uso/DiretizesNacionais_IntoxicacaoAgrotoxico_Capitulo1.pdf,Portaria SCTIE/MS nº 43/2018 – 16/10/2018 (Publicada em 18/10/2018),0
IA2,intox_agrotoxico2,Diretrizes Brasileiras para diagnóstico e tratamento das intoxicações por agrotóxicos - Capítulo 2,intox_agro_2,int.agro2,,,,,Diretrizes Nacionais/Brasileiras,,http://conitec.gov.br/images/Protocolos/DiretrizAgrotoxico.pdf,Portaria SCTIE/MS nº 79/2018 – 14/12/2018 (Publicada em 11/01/2019),0
IA3,intox_agrotoxico3,Diretrizes Brasileiras para diagnóstico e tratamento das intoxicações por agrotóxicos - Capítulo 3,intox_agro_3,int.agro3,,,,,Diretrizes Nacionais/Brasileiras,,http://conitec.gov.br/images/Protocolos/DiretrizesBrasileiras_Agrotoxico_Cap3.pdf,Portaria SCTIE/MS nº 05/2019 – 18/02/2019(Publicada em 19/02/2019),0
IA4,intox_agrotoxico4,Diretrizes Brasileiras para diagnóstico e tratamento das intoxicações por agrotóxicos - Capítulo 4,intox_agro_4,int.agro4,,,,,Diretrizes Nacionais/Brasileiras,,http://conitec.gov.br/images/Protocolos/DiretrizesBrasileiras_Agrotoxico_Cap4.pdf,Portaria SCTIE/MS nº 16/2019 – 25/03/2019(Publicada em 26/03/2019),0
IA5,intox_agrotoxico5,Diretrizes Brasileiras para diagnóstico e tratamento das intoxicações por agrotóxicos - Capítulo 5,intox_agro_5,int.agro5,,,,,Diretrizes Nacionais/Brasileiras,,http://conitec.gov.br/images/Protocolos/DiretrizesBrasileiras_Agrotoxico_Cap5.pdf,Portaria SCTIE/MS nº 17/2019 – 25/03/2019(Publicada em 25/03/2019),0
ITC,intox_cianeto,Hidroxocobalamina na intoxicação aguda por cianeto,Intoxicação aguda por cianeto,Cianeto,,,,1,Protocolos de Uso,T573 T650,http://conitec.gov.br/images/Protocolos/Protocolo_Uso/ProtocoloUso_Hidroxocobalamina_2015.pdf,Portaria SAS/MS nº 1.115 - 19/10/2015 (Publicada em 20/10/2015),0
LU,leimioma,Leimioma de útero,Leimioma de útero,Leimioma,,,,0,pcdt,D250 D251 D252,http://conitec.gov.br/images/Protocolos/DDT/PCDT-Leiomioma_31_10_2017.pdf,Portaria Conjunta SAS/SCTIE nº 11 - 31/11/2017 (Publicada em 09/11/2017),0
LLO,leucemia_linf_adulto,Diretrizes Diagnósticas e Terapêuticas – Mesilato de Imatinibe no Tratamento da Leucemia Linfoblástica Aguda Cromossoma Philadelphia Positivo do Adulto,Leucemia Linfoblástica Aguda Philadelphia Adulto,Leuc.Ag. A.,19,,,,ddt,C910 C835,http://conitec.gov.br/images/Protocolos/DDT/20211230_portal-de-portaria-conjunta-no-21-ddt_lla-ph-_adulto.pdf,Portaria Conjunta SAES/SCTIE nº 11 - 10/12/2021(Publicada em 29/12/2021),0
LLA,leucemia_linfoblastica,Diretrizes Diagnósticas e Terapêuticas – Mesilato de Imatinibe no Tratamento da Leucemia Linfoblástica Aguda Cromossoma Philadelphia - Crianças e Adolescentes,Leucemia Linfoblástica Aguda Philadelphia,Leuc.Ag.C.,0,17,,0,ddt,C910 C835,http://conitec.gov.br/images/Protocolos/DDT/20210824_PORTARIA_CONJUNTA_11_LLA_PH_PEDIATRIA.pdf,Portaria Conjunta SAES/SCTIE nº 11 - 02/07/2021 (Publicada em 06/07/2021),0
LIM,linfangioleiomiomatose,Linfangioleiomiomatose,Linfangioleiomiomatose,Linfangio,,,,1,pcdt,J848,http://conitec.gov.br/images/Protocolos/20210820_Portaria_Conjunta_N13_PCDT_LAM.pdf,Portaria Conjunta SAES/SCTIE/MS nº 13 - 12/08/2021 (Publicada em 20/08/2021),0
LES,lupus,Lúpus Eritematoso Sistêmico,Lúpus Eritematoso Sistêmico,Lúpus Erit,,,,1,pcdt,L930 L931 M321 M328,http://conitec.gov.br/images/Protocolos/LupusEritematoso_Sistemico.pdf,Portaria GM/MS nº 100 - 07/02/2013 (Publicada em 08/02/2013). (Retificada em 22/03/2013),0
MAC,macular,Degeneração Macular Relacionada com a Idade (forma neovascular),Degeneração Macular Relacionada com a Idade,Deg.Macular,60,,,0,pcdt,H353,http://conitec.gov.br/images/Protocolos/20220329_portal-portaria-conjunta-no-04-pcdt-dmri.pdf,Portaria Conjunta SAS/SCTIE nº 18 – 19/11/2018 (Publicada em 19/11/2018)/ Portaria Conjunta SAES/SCTIE/MS nº 04 – 04/03/2022 (Publicada em 29/03/2022),0
MPI,marca_passos,Marca-passos cardíacos implantáveis e ressincronizadores,Marca-passos cardíacos implantáveis e ressinc.,Marca.passo,,,,0,Protocolos de Uso,,http://conitec.gov.br/images/Protocolos/ProtocoloUso_MarcaPassos_cardiacos_implantaveis_ressincronizadores_Mar2016.pdf,Portaria SAS/MS nº 307 - 29/03/2016 (Publicada em 30/03/2016),0
MMP,mesot_mag_pl,Diretrizes Brasileiras para Diagnóstico do Mesotelioma Maligno de Pleura,Diagnóstico do Mesotelioma Maligno de Pleura,Mesotelioma,,,,,Diretrizes Nacionais/Brasileiras,C450 C459,http://conitec.gov.br/images/Relatorios/Portaria/2020/20201211_Portaria_Conjunta_Diretrizes_Mesotelioma_Pleural.pdf,Portaria Conjunta SAES/SCTIE/MS nº 18/2020 – 23/11/2020 (Publicada em 26/11/2020),0
MES,mesotelioma,Diretrizes Brasileiras para Diagnóstico do Mesotelioma Maligno de Pleura,Mesotelioma Maligno de Pleura,Mesoteliom,,,,0,Diretrizes Nacionais/Brasileiras,C450 C459,http://conitec.gov.br/images/Relatorios/Portaria/2020/20201211_Portaria_Conjunta_Diretrizes_Mesotelioma_Pleural.pdf,Portaria Conjunta SAES/SCTIE/MS nº 18/2020 – 23/11/2020 (Publicada em 26/11/2020),0
MG,miastenia,Miastenia Gravis,Miastenia Gravis,Miastenia,,,,1,ddt,G700,http://conitec.gov.br/images/Protocolos/20220530_PORTAL_PCDT_Miastenia_Gravis.pdf,Portaria SAS/MS nº 1.169 - 19/11/2015 (Publicada em 20/11/2015)/ Portaria SAES/MS nº 11 - 23/05/2022 (Publicada em 27/05/2022),0
MIE,mielodisplasia,Talidomida no tratamento da Síndrome Mielodisplásica,Síndrome Mielodisplásica,S. Mielodi,,,,1,Protocolos de Uso,D460 D461 D464,http://conitec.gov.br/images/Protocolos/Talidomida_SindromeMielodispl%C3%A1sica.pdf,Portaria SAS/MS nº 493 - 11/06/2015 (Publicada em 12/06/2015),0
M1,mucopolissacaridose1,Mucopolissacaridose tipo I,Mucopolissacaridose tipo I,Mucopolis1,,,,1,pcdt,E760,http://conitec.gov.br/images/Protocolos/MUCOPOLISSACARIDOSE-TIPO-I.pdf,Portaria Conjunta SAS/SCTIE nº 12 - 11/04/2018 (Publicada em 18/04/2018),0
M2,mucopolissacaridose2,Mucopolissacaridose tipo II,Mucopolissacaridose tipo II,Mucopolis2,,,,1,pcdt,E761,http://conitec.gov.br/images/Protocolos/PCDT_MPS-II.pdf,Portaria Conjunta SAS/SCTIE nº 16 – 24/05/2018 (Publicada em 25/05/2018),0
M467,mucopolissacaridose467,"Mucopolissacaridose tipo IV, VI e VII",Mucopolissacaridose tipo IV A VI VII,Muco467,,,,1,pcdt,E762,http://conitec.gov.br/images/Protocolos/PCDT_MucopolissacaridoseTipoIVA.pdf ; httpconitec.gov.br/images/Protocolos/PCDT_MucopolissacaridoseTipoVI.pdf ; http://conitec.gov.br/images/Protocolos/20210531_PCDT_MPS_VII.pdf,Portaria Conjunta SAS/SCTIE/MS nº 19 - 04/12/2019 (Publicada em 06/12/2019) ; Portaria Conjunta SAS/SCTIE/MS nº 20 - 05/12/2019 (Publicada em 06/12/2019);Portaria Conjunta SAES/SCTIE/MS nº 8 - 21/05/2021 (Publicada em 28/05/2021),0
NAC,nefrotica_ap,Síndrome Nefrótica Primária em Adultos Crianças e Adolescentes,Síndrome Nefrótica Primária em Adultos e crianças,Nef. A.C.,0,130,,0,pcdt,N040 N041 N042 N043 N044 N045 N046 N047 N048 N049,http://conitec.gov.br/images/Protocolos/PCDT_SindromeNefroticaPrimariaAdulto.pdf ; http://conitec.gov.br/images/Protocolos/PCDT_SindromeNefroticaPrimaria_CriancasAdolescentes.pdf,Portaria Conjunta SAES/SCTIE/MS nº 8 - 14/04/2020 (Publicada em 16/04/2020) ; Portaria Conjunta SAS/SCTIE/MS nº 01 - 10/01/2018 (Publicada em 16/01/2018),0
SOO,obesidade,Sobrepeso e Obesidade em Adultos,Sobrepeso e Obesidade em Adultos,Obesidade,18,130,,0,pcdt,E66 E660 E661 E662 E668 E669,http://conitec.gov.br/images/Protocolos/20201113_PCDT_Sobrepeso_e_Obesidade_em_Adultos_29_10_2020_Final.pdf,Portaria SCTIE/MS nº 53 - 11/11/2020 ((Publicada em 13/11/2020),0
DMO,osseo,Distúrbio Mineral Ósseo na Doença Renal Crônica,Distúrbio Mineral Ósseo na Doença Renal Crônica,DMO DRC,,,,1,pcdt,E833 N180 N250,http://conitec.gov.br/images/Protocolos/PCDT_DisturbioMineralOsseo.pdf,Portaria Conjunta SAES/SCTIE nº 11 - 02/07/2021 (Publicada em 06/07/2021),0
OI,osteogenese,Osteogênese Imperfeita,Osteogênese Imperfeita,Osteogênes,,,,1,pcdt,Q780,https://www.saude.gov.br/images/pdf/2014/abril/03/pcdt-osteogenese-imperfeita-livro-2013.pdf,Portaria SAS/MS nº 1.306 - 22/11/2013 (Publicada em 25/11/2013),0
OST,osteoporose,Osteoporose,Osteoporose,Osteoporos,,,,0,pcdt,M800 M801 M802 M803 M804 M805 M808 M810 M811 M812 M813 M814 M815 M816 M818 M820 M821 M828,http://conitec.gov.br/images/Protocolos/Osteoporose.pdf,Portaria SAS/MS nº 451 – 09/06/2014 (Publicada em 10/06/2014). (Retificada em 18/06/2014),0
SOP,ovario_policisticos,Síndrome de Ovários Policísticos,Síndrome de Ovários Policísticos,Ovário Pol.,,,,0,pcdt,E282 L680,http://conitec.gov.br/images/Protocolos/PCDT-Sindrome-dos-Ovrios-Policsticos.pdf,"Portaria Conjunta Nº 6, de 2 de JULHO de 2019.",0
PAG,paget,Doença de Paget,Doença de Paget,Paget,,,,1,pcdt,M880 M888,http://conitec.gov.br/images/Protocolos/PCDT_DoencaPAGET.pdf,"Portaria Conjunta Nº 2, de 17 de janeiro de 2020.",0
PKS,parkinson,Doença de Parkinson,Doença de Parkinson,Parkinson,,,,0,pcdt,G20,http://conitec.gov.br/images/Protocolos/PCDT_Doenca_de_Parkinson_2017.pdf,"Portaria Conjunta Nº 10, de 31 de outubro de 2017.",0
PAF,polineuropatia,Polineuropatia Amiloidótica Familiar,Polineuropatia Amiloidótica Familiar,Polineurop,,,,0,pcdt,E851,http://conitec.gov.br/images/Protocolos/PCDT_Polineuropatia_Amiloidotica_Familiar_2018.pdf,Portaria Conjunta nº 22 - 02/10/2018 (Publicada em 10/10/2018),0
POP,pompe,Doença de Pompe,Doença de Pompe,Pompe,,,,1,pcdt,E740,http://conitec.gov.br/images/Protocolos/Protocolo_Uso/Portaria-Conjunta-PCDT-Doena-de-Pompe10-08-2020.pdf,Portaria Conjunta SAES/SCTIE/MS nº 12 - 03/08/2020 (Publicada em 10/08/2020),0
PIS,prof_pep_hiv_ist_hv,"Profilaxia Pós-Exposição (PEP) de Risco à Infecção pelo HIV, Infecções Sexualmente Transmissíveis e Hepatites Virais",Profilaxia.pep.hiv.ist.hv,Pep.hiv.is.,,,,,pcdt - sem CID,,http://conitec.gov.br/images/Protocolos/20210827_PCDT_PEP_Final.pdf,Portaria SCTIE/MS nº 54 - 24/08/2021 (Publicada em 26/08/2021),0
PRH,prof_prep_inf_hiv,Profilaxia Pré-Exposição (PrEP) de Risco à Infecção pelo HIV,Profilaxia PrEP de Risco à Infecção pelo HIV,Prep.hiv,,,,,pcdt - sem CID,,http://conitec.gov.br/images/Protocolos/PCDT_PrEP_2017_final_NI9.pdf,Portaria SCTIE/MS nº 22 - 29/05/2017 (Publicada em 29/05/217),0
PHG,prof_prim_hemofilia_g,Profilaxia Primária para Hemofilia Grave,Profilaxia Primária para Hemofilia Grave,P.hemo.g.,0,3,,,Protocolos de Uso,,http://conitec.gov.br/images/Protocolos/PT364-6MAIO2014_Profilaxia_Primaria_para_Hemofilia_Grave.pdf,Portaria SAS/MS nº 364 - 06/05/2014 (Publicada em 07/05/2014),0
PJQ,prot_total_joelho_quadril,Prótese total de joelho e de prótese total de quadril híbrida,Prótese total de joelho e total de quadril híbrida,P.t.j.qu.,,,,,Protocolos de Uso,,http://conitec.gov.br/images/Protocolos/Normas_ProteseJoelho_QuadrilHibrida.pdf,Portaria SAS/MS nº 503 - 08/03/2017 (Publicada em 10/03/2017),0
PSO,psoriase,Psoríase,Psoríase,Psoríase,,,,0,pcdt,L400 L401 L404 L408,http://conitec.gov.br/images/Protocolos/Diretrizes/Portaria_SAES_SCTIE_10_2019.pdf,Portaria SCTIE/SAS/MS nº 10 - 06/07/2019 (Publicada em 11/09/2019),0
PUB,puberdade,Puberdade Precoce Central,Puberdade Precoce Central,Puberdade,,,,0,pcdt,E228,http://conitec.gov.br/images/Relatorios/2017/Portaria_Conjunta_03_SAS-SVS_PCDT_Puberdade_Precoce_Central_08_06_2017.pdf,Portaria Conjunta SAS/SCTIE nº 3 - 08/06/2017 (Publicada em 09/06/2017),0
PTI,purpura,Púrpura Trombocitopênica Idiopática,Púrpura Trombocitopênica Idiopática,Púrpura,,,,1,pcdt,D693,http://conitec.gov.br/images/Protocolos/PCDT_PurpuraTrombocitopenicaIdiopatica.pdf,Portaria Conjunta SAS/MS nº 9 - 31/07/2019 (Publicada em 07/08/2019),0
RCR,rad_cross_ceratocone,Radiação para cross-linking corneano no tratamento do ceratocone,Radiação cross-linking cornea trat do ceratocone,ceratocone,10,,,,Protocolos de Uso,,http://conitec.gov.br/images/Protocolos/Protocolo_Uso/ProtocoloUso_Crosslinking.pdf,Portaria SAS/MS nº 486 - 06/03/2017 (Publicada em 07/03/2017),0
RO,raquitismo,Raquitismo e Osteomalácia,Raquitismo e Osteomalácia,Raquitismo,,,,1,pcdt,E550 E559 E643 E833 M830 M831 M832 M833 M838,http://conitec.gov.br/images/Protocolos/20220201_PORTAL_Portaria_Conjunta_2_PCDT_Raquitismo_e_Osteomalacia.pdf,Portaria SAS/SCTIE/MS nº 02 - 11/01/2022 (Publicada em 31/01/2022),0
REN,renal,Imunossupressão no Transplante Renal,Imunossupressão no Transplante Renal,T.Renal,,,,0,pcdt,T861 Z940,http://conitec.gov.br/images/Protocolos/20210113_PCDT_Imunossupressao_Transplante-Renal.pdf,Conjunta SAES/SCTIE/MS nº 01/2021 - 05/01/2021 (Publicada em 11/01/2021),0
RD,retinop_diabetica,Retinopatia Diabetica,Retinopatia Diabética,Rt.diabet.,,,,0,pcdt,"E10, E11, E12, E13, E14, H360",http://conitec.gov.br/images/Protocolos/20211220_Portal_Retinopatia_Diabetica.pdf,Portaria Conjunta SAES/SCTIE/MS nº 17 - 01/10/2021 (Publicada em 16/12/2021),0
RU,retocolite,Retocolite Ulcerativa,Retocolite Ulcerativa,Retocolite,,,,0,pcdt,K510 K512 K513 K515 K518,http://conitec.gov.br/images/Protocolos/PCDT_Retocolite_Ulcerativa_2020.pdf,Portaria Conjunta SAES/SCTIE/MS nº 22 - 20/12/2021 (Publicada em 29/12/2021),0
SF,sobrecarga_ferro,Sobrecarga de Ferro,Sobrecarga de Ferro,Sobrec. Fe,,,,1,pcdt,E831 T454,http://conitec.gov.br/images/Protocolos/PCDT_Sobrecarga_Ferro.pdf,"Portaria Conjunta Nº 7, de 23 de fevereiro de 2018",0
SDC,stents_doenca_coronariana,Utilização de Stents em Pacientes com Doença Coronariana Estável,Stents em Pacientes com Doença Coronariana Estável,S.d.coron,,,,,Diretrizes Nacionais/Brasileiras,,http://conitec.gov.br/images/Protocolos/Diretrizes/Portaria_Conjunta_20_Diretrizes_Angioplastia.pdf,Portaria SAS/MS nº 20 - 24/07/2018 (Publicada em 08/08/2018),0
TAB,tabagismo,Tabagismo,Tabagismo,Tabagismo,,,,0,pcdt,F171 F172 F173 T652 Z720,http://conitec.gov.br/images/Protocolos/PCDT_Tabagismo.pdf,Portaria Conjunta SCTIE/SAES/MS nº 10 - 16/04/2020 (Publicada em 24/04/2020),0
TVH,trans_vert_hiv_s_hv,"Prevenção da Transmissão Vertical do HIV, Sífilis e Hepatites Virais",Prev.da Trans. Vert. do HIV.Sífilis. Hepat.Virais,P.T.V.HIV.S.HV.,,,,,pcdt - sem CID,,http://conitec.gov.br/images/Protocolos/20201113_PCDT_para_PTV_HIV_Final.pdf,Portaria SCTIE/MS nº 55/2020 - 11/11/2020 (Publicada em 13/11/2020),0
TVG,tromboembolismo,Tromboembolismo Venoso em Gestantes com Trombofilia,Tromboembolismo Venoso em Gestantes com Trombofili,Tromboembo,,,,0,pcdt,D688 I820 I821 I822 I823 I828 O223 O225,http://conitec.gov.br/images/Protocolos/20211230_portal-portaria-conjunta_pcdt_trombofilia_gestantes.pdf,Portaria SCTIE/MS nº 23/2021 - 21/12/2021 (Publicada em 29/12/2021),0
TUR,turner,Síndrome de Turner,Síndrome de Turner,Turner,,,,1,pcdt,Q960 Q961 Q962 Q963 Q964 Q968,http://conitec.gov.br/images/Protocolos/PCDT_Sindrome_de_Turner.pdf,"Portaria Conjunta Nº 15, de 09 de MAIO de 2018",0
UVE,uveite,Uveítes Não-Infecciosas,Uveítes Não-Infecciosas,Uveítes,,,,0,pcdt,H150 H201 H301 H302 H308,http://conitec.gov.br/images/Protocolos/Portaria-Conjunta-PCDT-Uveites_SAES.pdf,Portaria SAS/MS n° 13 - 11/09/2019 (Publicada em 16/09/2019),0
VSR,virus_sincicial,Palivizumabe para Prevenção da Infecção pelo Vírus Sincicial Respiratório,Pavalizumabe virus sincicial resp.,V.Sincicial,0,2,,,Protocolos de Uso,,http://conitec.gov.br/images/Protocolos/Protocolo_Uso/ProtocoloUso_Palivizumabe.pdf,Portaria Conjunta SAS/SCTIE/MS nº 23 - 03/10/2018 (Publicada em 10/10/2018),0
WIL,wilson,Doença de Wilson,Doença de Wilson,Wilson,,,,1,pcdt,E830,http://conitec.gov.br/images/Protocolos/PCDT-Doenca-Wilson_2018.pdf,"Portaria Conjunta N 09, de 27 de março de 2018.",0
DA,alzheimer,Doença de Alzheimer,Doença de Alzheimer,Alzheimer,,,,0,pcdt,F000 F001 F002 G300 G301 G308,http://conitec.gov.br/images/Relatorios/2017/Recomendacao/Portaria_Conjunta_13_PCDT_Alzheimer_28_11_2017.pdf,"Portaria Conjunta Nº 13, de 28 de novembro de 2017.",1
AUT,autismo,Comportamento Agressivo no Transtorno do Espectro do Autismo,Comportamento Agressivo no Autismo,Autismo,5,,,0,pcdt,F840 F841 F843 F845 F848,http://conitec.gov.br/images/Protocolos/20220419_PORTAL-Portaria_Conjunta_7_Comportamento_Agressivo_TEA.pdf,"Portaria No - 324, de 31 de março de 2016/ Portaria Conjunta SAES/SCTIE/MS nº 07 - 12/04/2022 (Publicada em 19/04/2022)",1
BIP,bipolar,Transtorno Afetivo Bipolar do tipo I,Transtorno Afetivo Bipolar do tipo I,Bipolar,,,,0,pcdt,F311 F312 F313 F314 F315 F316 F317,http://conitec.gov.br/images/Protocolos/PCDT_TranstornoAfetivoBipolar_TipoI.pdf,Portaria SAS/MS Nº 315 - 30/03/2016 (Publicada em 31/03/2016),1
DFI,def_intelectual,Diagnóstico Etiológico da Deficiência Intelectual,Deficiência Intelectual,Def. Int.,,,,0,Protocolos de Uso,F78 F780 F781 F788 F789,http://conitec.gov.br/images/Protocolos/20201203_Portaria-Conjunta_Protocolo_Deficiencia_Intelectual.pdf,Portaria Conjunta SAES/SCTIE/MS nº 21 - 25/11/2020 (Publicada em 03/12/2020),1
TEZ,esquizoafetivo,Transtorno Esquizoafetivo,Transtorno Esquizoafetivo,T.Esquizoaf.,,,,0,pcdt,F250 F251 F252,http://conitec.gov.br/images/Protocolos/20210601_portaria-conjunta_pcdt-transtorno-esquizoafetivo.pdf,Portaria SAS/MS nº 1.203 - 04/11/2014 (Publicada em 05/11/2014)/Portaria Conjunta SAES/SCTIE/MS nº 07 - 14/05/2021 (Publicada em 31/05/2021),1
EQZ,esquizofrenia,Esquizofrenia,Esquizofrenia,Esquizofre,,,,0,pcdt,F200 F201 F202 F203 F204 F205 F206 F208,https://www.saude.gov.br/images/pdf/2014/abril/02/pcdt-esquizofrenia-livro-2013.pdf,Portaria SAS/MS nº 364 - 09/04/2013 (Publicada em 07/05/2014),1